{
  "Qwen2.5-1.5B (Base)": {
    "exact_accuracy": {
      "mean": 9.027777777777777,
      "std": 1.2028130608117218,
      "values": [
        8.333333333333332,
        8.333333333333332,
        10.416666666666668
      ],
      "n_seeds": 3
    },
    "sensible_error_rate_ea": {
      "mean": 79.51021846370683,
      "std": 14.846866358847798,
      "values": [
        77.27272727272727,
        65.9090909090909,
        95.34883720930233
      ],
      "n_seeds": 3
    },
    "catastrophic_error_rate_ea": {
      "mean": 5.320648343904158,
      "std": 2.593804063484048,
      "values": [
        6.8181818181818175,
        6.8181818181818175,
        2.3255813953488373
      ],
      "n_seeds": 3
    },
    "number_sense_strict": {
      "mean": 55.333333333333336,
      "std": 15.275252316519467,
      "values": [
        42.0,
        52.0,
        72.0
      ],
      "n_seeds": 3
    },
    "magnitude_sense": {
      "mean": 67.33333333333333,
      "std": 13.316656236958783,
      "values": [
        56.00000000000001,
        64.0,
        82.0
      ],
      "n_seeds": 3
    },
    "self_aware_rate": {
      "mean": 55.333333333333336,
      "std": 5.773502691896258,
      "values": [
        52.0,
        52.0,
        62.0
      ],
      "n_seeds": 3
    },
    "delegation_accuracy": {
      "mean": 91.96428571428572,
      "std": 2.3622779563076675,
      "values": [
        89.28571428571429,
        92.85714285714286,
        93.75
      ],
      "n_seeds": 3
    },
    "delegation_rate": {
      "mean": 94.0,
      "std": 2.0,
      "values": [
        92.0,
        96.0,
        94.0
      ],
      "n_seeds": 3
    },
    "adversarial_accuracy": {
      "mean": 28.666666666666668,
      "std": 10.066445913694333,
      "values": [
        18.0,
        38.0,
        30.0
      ],
      "n_seeds": 3
    },
    "sensible_error_rate": {
      "mean": 48.699186991869915,
      "std": 6.877641543614997,
      "values": [
        47.5,
        56.09756097560976,
        42.5
      ],
      "n_seeds": 3
    },
    "catastrophic_error_rate": {
      "mean": 9.126016260162602,
      "std": 5.253229557261037,
      "values": [
        7.5,
        4.878048780487805,
        15.0
      ],
      "n_seeds": 3
    }
  },
  "Qwen2.5-1.5B + Flat LoRA (EN)": {
    "exact_accuracy": {
      "mean": 56.94444444444445,
      "std": 6.364688465216445,
      "values": [
        58.333333333333336,
        62.5,
        50.0
      ],
      "n_seeds": 3
    },
    "sensible_error_rate_ea": {
      "mean": 85.0,
      "std": 6.009252125773308,
      "values": [
        80.0,
        83.33333333333334,
        91.66666666666666
      ],
      "n_seeds": 3
    },
    "catastrophic_error_rate_ea": {
      "mean": 0.0,
      "std": 0.0,
      "values": [
        0.0,
        0.0,
        0.0
      ],
      "n_seeds": 3
    },
    "number_sense_strict": {
      "mean": 6.666666666666667,
      "std": 2.309401076758503,
      "values": [
        4.0,
        8.0,
        8.0
      ],
      "n_seeds": 3
    },
    "magnitude_sense": {
      "mean": 100.0,
      "std": 0.0,
      "values": [
        100.0,
        100.0,
        100.0
      ],
      "n_seeds": 3
    },
    "self_aware_rate": {
      "mean": 100.0,
      "std": 0.0,
      "values": [
        100.0,
        100.0,
        100.0
      ],
      "n_seeds": 3
    },
    "delegation_accuracy": {
      "mean": 100.0,
      "std": 0.0,
      "values": [
        100.0,
        100.0,
        100.0
      ],
      "n_seeds": 3
    },
    "delegation_rate": {
      "mean": 58.666666666666664,
      "std": 4.618802153517002,
      "values": [
        56.00000000000001,
        56.00000000000001,
        64.0
      ],
      "n_seeds": 3
    },
    "adversarial_accuracy": {
      "mean": 81.33333333333333,
      "std": 2.3094010767585034,
      "values": [
        84.0,
        80.0,
        80.0
      ],
      "n_seeds": 3
    },
    "sensible_error_rate": {
      "mean": 95.83333333333333,
      "std": 7.216878364870322,
      "values": [
        87.5,
        100.0,
        100.0
      ],
      "n_seeds": 3
    },
    "catastrophic_error_rate": {
      "mean": 0.0,
      "std": 0.0,
      "values": [
        0.0,
        0.0,
        0.0
      ],
      "n_seeds": 3
    }
  },
  "Qwen2.5-1.5B + Dream (EN)": {
    "exact_accuracy": {
      "mean": 69.44444444444444,
      "std": 6.364688465216446,
      "values": [
        75.0,
        70.83333333333334,
        62.5
      ],
      "n_seeds": 3
    },
    "sensible_error_rate_ea": {
      "mean": 98.14814814814815,
      "std": 3.207501495497922,
      "values": [
        100.0,
        100.0,
        94.44444444444444
      ],
      "n_seeds": 3
    },
    "catastrophic_error_rate_ea": {
      "mean": 0.0,
      "std": 0.0,
      "values": [
        0.0,
        0.0,
        0.0
      ],
      "n_seeds": 3
    },
    "number_sense_strict": {
      "mean": 60.666666666666664,
      "std": 9.451631252505218,
      "values": [
        50.0,
        64.0,
        68.0
      ],
      "n_seeds": 3
    },
    "magnitude_sense": {
      "mean": 100.0,
      "std": 0.0,
      "values": [
        100.0,
        100.0,
        100.0
      ],
      "n_seeds": 3
    },
    "self_aware_rate": {
      "mean": 58.666666666666664,
      "std": 4.618802153517002,
      "values": [
        56.00000000000001,
        56.00000000000001,
        64.0
      ],
      "n_seeds": 3
    },
    "delegation_accuracy": {
      "mean": 100.0,
      "std": 0.0,
      "values": [
        100.0,
        100.0,
        100.0
      ],
      "n_seeds": 3
    },
    "delegation_rate": {
      "mean": 100.0,
      "std": 0.0,
      "values": [
        100.0,
        100.0,
        100.0
      ],
      "n_seeds": 3
    },
    "adversarial_accuracy": {
      "mean": 84.0,
      "std": 8.0,
      "values": [
        92.0,
        84.0,
        76.0
      ],
      "n_seeds": 3
    },
    "sensible_error_rate": {
      "mean": 82.01058201058201,
      "std": 22.241110642310797,
      "values": [
        57.14285714285714,
        100.0,
        88.88888888888889
      ],
      "n_seeds": 3
    },
    "catastrophic_error_rate": {
      "mean": 0.0,
      "std": 0.0,
      "values": [
        0.0,
        0.0,
        0.0
      ],
      "n_seeds": 3
    }
  },
  "Qwen2.5-3B (Base)": {
    "exact_accuracy": {
      "mean": 9.722222222222221,
      "std": 4.811252243246882,
      "values": [
        12.5,
        12.5,
        4.166666666666666
      ],
      "n_seeds": 3
    },
    "sensible_error_rate_ea": {
      "mean": 42.857142857142854,
      "std": 8.584645893961882,
      "values": [
        45.23809523809524,
        33.33333333333333,
        50.0
      ],
      "n_seeds": 3
    },
    "catastrophic_error_rate_ea": {
      "mean": 26.81159420289855,
      "std": 3.356017614378332,
      "values": [
        23.809523809523807,
        26.190476190476193,
        30.434782608695656
      ],
      "n_seeds": 3
    },
    "number_sense_strict": {
      "mean": 26.0,
      "std": 5.291502622129181,
      "values": [
        30.0,
        20.0,
        28.000000000000004
      ],
      "n_seeds": 3
    },
    "magnitude_sense": {
      "mean": 52.666666666666664,
      "std": 8.082903768654761,
      "values": [
        60.0,
        44.0,
        54.0
      ],
      "n_seeds": 3
    },
    "self_aware_rate": {
      "mean": 64.0,
      "std": 5.291502622129185,
      "values": [
        57.99999999999999,
        66.0,
        68.0
      ],
      "n_seeds": 3
    },
    "delegation_accuracy": {
      "mean": 100.0,
      "std": 0.0,
      "values": [
        100.0,
        100.0,
        100.0
      ],
      "n_seeds": 3
    },
    "delegation_rate": {
      "mean": 94.66666666666667,
      "std": 4.163331998932265,
      "values": [
        98.0,
        90.0,
        96.0
      ],
      "n_seeds": 3
    },
    "adversarial_accuracy": {
      "mean": 38.0,
      "std": 2.0,